{
  "player-C1": {
    "x": 1037.5,
    "y": 132.7265625
  },
  "player-C2": {
    "x": 319.5,
    "y": 113.7265625
  },
  "player-FS": {
    "x": 550.5,
    "y": 57.7265625
  },
  "player-SS": {
    "x": 828,
    "y": 53.7265625
  },
  "player-W": {
    "x": 599.5,
    "y": 117.7265625
  },
  "player-M": {
    "x": 785,
    "y": 118.7265625
  },
  "player-J": {
    "x": 702.5,
    "y": 118.7265625
  },
  "player-NS": {
    "x": 915.5,
    "y": 121.7265625
  },
  "player-E1": {
    "x": 550.5,
    "y": 170.7265625
  },
  "player-E2": {
    "x": 805.5,
    "y": 171.7265625
  },
  "player-N": {
    "x": 672.5,
    "y": 163.7265625
  },
  "player-RT": {
    "x": 754,
    "y": 203.7265625
  },
  "player-RG": {
    "x": 708,
    "y": 199.7265625
  },
  "player-C": {
    "x": 662,
    "y": 197.7265625
  },
  "player-LG": {
    "x": 614,
    "y": 200.7265625
  },
  "player-LT": {
    "x": 567,
    "y": 203.7265625
  },
  "player-Q": {
    "x": 663,
    "y": 241.7265625
  },
  "player-H": {
    "x": 662,
    "y": 329.7265625
  },
  "player-F": {
    "x": 731,
    "y": 292.7265625
  },
  "player-X": {
    "x": 312,
    "y": 209.7265625
  },
  "player-Y": {
    "x": 800,
    "y": 206.7265625
  },
  "player-Z": {
    "x": 1029,
    "y": 232.7265625
  }
}