{
  "player-C1": {
    "x": 1037.5,
    "y": 132.7265625
  },
  "player-C2": {
    "x": 319.5,
    "y": 113.7265625
  },
  "player-FS": {
    "x": 595.5,
    "y": 8.7265625
  },
  "player-SS": {
    "x": 833,
    "y": 19.7265625
  },
  "player-W": {
    "x": 534.5,
    "y": 168.7265625
  },
  "player-M": {
    "x": 697,
    "y": 119.7265625
  },
  "player-J": {
    "x": 576.5,
    "y": 120.7265625
  },
  "player-S": {
    "x": 849,
    "y": 168.7265625
  },
  "player-E1": {
    "x": 602.5,
    "y": 168.7265625
  },
  "player-E2": {
    "x": 785.5,
    "y": 167.7265625
  },
  "player-N": {
    "x": 716.5,
    "y": 164.7265625
  },
  "player-RT": {
    "x": 754,
    "y": 203.7265625
  },
  "player-RG": {
    "x": 708,
    "y": 199.7265625
  },
  "player-C": {
    "x": 662,
    "y": 197.7265625
  },
  "player-LG": {
    "x": 614,
    "y": 200.7265625
  },
  "player-LT": {
    "x": 567,
    "y": 203.7265625
  },
  "player-Q": {
    "x": 663,
    "y": 241.7265625
  },
  "player-H": {
    "x": 662,
    "y": 329.7265625
  },
  "player-F": {
    "x": 731,
    "y": 292.7265625
  },
  "player-X": {
    "x": 312,
    "y": 209.7265625
  },
  "player-Y": {
    "x": 800,
    "y": 206.7265625
  },
  "player-Z": {
    "x": 1029,
    "y": 232.7265625
  }
}